Workbook

Sheet Instructions
B2: Sales Velocity Model
B3: How to use this workbook
B6: Purpose | C6: Calculates Sales Velocity — the rate at which qualified opportunities generate revenue — and shows which of the four underlying levers (opportunity volume, win rate, deal value, sales cycle length) has the most leverage to improve it.
B7: The formula | C7: Sales Velocity = (# Opportunities x Win Rate x Average Deal Value) / Sales Cycle Length (days). The result is $ generated per day, which is then scaled to monthly/quarterly/annual views.
B8: Tab: Assumptions | C8: Global inputs — period-length constants and the sensitivity test percentage used on the Lever Sensitivity tab. Edit the yellow cells.
B9: Tab: Velocity Calculator | C9: Core calculation, one row per segment. Blue cells are inputs (opportunity count, win rate, deal value, cycle length). Black cells are formulas — do not overwrite.
B10: Tab: Lever Sensitivity | C10: Shows the $ and % impact on Daily Velocity from moving each of the four levers independently by the test percentage set in Assumptions.
B11: Tab: Quarterly Trend | C11: Historical quarterly velocity by segment, with a trend chart.
B12: Tab: Summary Dashboard | C12: Roll-up KPIs and charts comparing segments and velocity over time.
B14: Color legend
B15: Blue text | C15: Hardcoded input — replace with your own numbers
B16: Black text | C16: Formula — recalculates automatically, do not hardcode over it
B17: Green text | C17: Link to another sheet in this workbook
B18: Yellow fill | C18: Key assumption or cell you should review/fill in before using the model
B20: Note | C20: Example values are placeholders based on typical $50M-$2B ARR SaaS benchmarks. Replace every blue cell with your own CRM-derived actuals (trailing period average is recommended over a single snapshot) before relying on outputs.

Sheet Assumptions
B2: Global Assumptions
B4: Period | C4: FY27
B6: Period-Length Constants (days)
B7: Days in Month | C7: 30
B8: Days in Quarter | C8: 90
B9: Days in Year | C9: 365
B11: Lever Sensitivity Test %
B12: The % move applied to each lever independently on the Lever Sensitivity tab
B13: Sensitivity Test Movement (%) | C13: 0.1

Sheet Velocity Calculator
B2: Sales Velocity Calculator
B3: Sales Velocity = (# Opportunities x Win Rate x Avg Deal Value) / Sales Cycle Length
B5: Segment | C5: # Qualified Opportunities (period) | D5: Win Rate (%) | E5: Average Deal Value ($) | F5: Sales Cycle Length (days) | G5: Daily Velocity ($) | H5: Monthly Velocity ($) | I5: Quarterly Velocity ($) | J5: Annual Velocity ($)
B6: Enterprise / Strategic | C6: 42 | D6: 0.24 | E6: 95000 | F6: 150 | G6: =(C6*D6*E6)/F6 -> 6384 | H6: =G6*Assumptions!$C$7 -> 191520 | I6: =G6*Assumptions!$C$8 -> 574560 | J6: =G6*Assumptions!$C$9 -> 2330160
B7: Mid-Market / Commercial | C7: 110 | D7: 0.32 | E7: 38000 | F7: 75 | G7: =(C7*D7*E7)/F7 -> 17834.667 | H7: =G7*Assumptions!$C$7 -> 535040 | I7: =G7*Assumptions!$C$8 -> 1605120 | J7: =G7*Assumptions!$C$9 -> 6509653.3
B8: SMB / Velocity | C8: 260 | D8: 0.4 | E8: 12000 | F8: 30 | G8: =(C8*D8*E8)/F8 -> 41600 | H8: =G8*Assumptions!$C$7 -> 1248000 | I8: =G8*Assumptions!$C$8 -> 3744000 | J8: =G8*Assumptions!$C$9 -> 15184000
B9: Total | G9: =SUM(G6:G8) -> 65818.667 | H9: =SUM(H6:H8) -> 1974560 | I9: =SUM(I6:I8) -> 5923680 | J9: =SUM(J6:J8) -> 24023813
B11: Note: Daily Velocity is additive across segments (it's a $/day rate), so the Total row sums each segment's Daily Velocity directly rather than recomputing from blended inputs. Opportunity count should reflect qualified (not raw/unqualified) pipeline entering the period.

Sheet Lever Sensitivity
B2: Lever Sensitivity
B3: Impact on Daily Velocity from moving each lever independently by the test % (Assumptions tab), holding all other levers constant
B5: Segment | C5: Lever | D5: Baseline Daily Velocity ($) | E5: New Daily Velocity ($) | F5: $ Impact | G5: % Impact | H5: Direction
B6: Enterprise / Strategic | C6: + Opportunity Volume | D6: ='Velocity Calculator'!G6 -> 6384 | E6: =('Velocity Calculator'!C6*(1+Assumptions!$C$13))*'Velocity Calculator'!D6*'Velocity Calculator'!E6/'Velocity Calculator'!F6 -> 7022.4 | F6: =E6-D6 -> 638.4 | G6: =F6/D6 -> 0.1 | H6: =IF(F6>=0,"Positive","Negative") -> Positive
C7: + Win Rate | D7: ='Velocity Calculator'!G6 -> 6384 | E7: ='Velocity Calculator'!C6*('Velocity Calculator'!D6*(1+Assumptions!$C$13))*'Velocity Calculator'!E6/'Velocity Calculator'!F6 -> 7022.4 | F7: =E7-D7 -> 638.4 | G7: =F7/D7 -> 0.1 | H7: =IF(F7>=0,"Positive","Negative") -> Positive
C8: + Average Deal Value | D8: ='Velocity Calculator'!G6 -> 6384 | E8: ='Velocity Calculator'!C6*'Velocity Calculator'!D6*('Velocity Calculator'!E6*(1+Assumptions!$C$13))/'Velocity Calculator'!F6 -> 7022.4 | F8: =E8-D8 -> 638.4 | G8: =F8/D8 -> 0.1 | H8: =IF(F8>=0,"Positive","Negative") -> Positive
C9: - Sales Cycle Length | D9: ='Velocity Calculator'!G6 -> 6384 | E9: ='Velocity Calculator'!C6*'Velocity Calculator'!D6*'Velocity Calculator'!E6/('Velocity Calculator'!F6*(1-Assumptions!$C$13)) -> 7093.3333 | F9: =E9-D9 -> 709.33333 | G9: =F9/D9 -> 0.11111111 | H9: =IF(F9>=0,"Positive","Negative") -> Positive
B11: Mid-Market / Commercial | C11: + Opportunity Volume | D11: ='Velocity Calculator'!G7 -> 17834.667 | E11: =('Velocity Calculator'!C7*(1+Assumptions!$C$13))*'Velocity Calculator'!D7*'Velocity Calculator'!E7/'Velocity Calculator'!F7 -> 19618.133 | F11: =E11-D11 -> 1783.4667 | G11: =F11/D11 -> 0.1 | H11: =IF(F11>=0,"Positive","Negative") -> Positive
C12: + Win Rate | D12: ='Velocity Calculator'!G7 -> 17834.667 | E12: ='Velocity Calculator'!C7*('Velocity Calculator'!D7*(1+Assumptions!$C$13))*'Velocity Calculator'!E7/'Velocity Calculator'!F7 -> 19618.133 | F12: =E12-D12 -> 1783.4667 | G12: =F12/D12 -> 0.1 | H12: =IF(F12>=0,"Positive","Negative") -> Positive
C13: + Average Deal Value | D13: ='Velocity Calculator'!G7 -> 17834.667 | E13: ='Velocity Calculator'!C7*'Velocity Calculator'!D7*('Velocity Calculator'!E7*(1+Assumptions!$C$13))/'Velocity Calculator'!F7 -> 19618.133 | F13: =E13-D13 -> 1783.4667 | G13: =F13/D13 -> 0.1 | H13: =IF(F13>=0,"Positive","Negative") -> Positive
C14: - Sales Cycle Length | D14: ='Velocity Calculator'!G7 -> 17834.667 | E14: ='Velocity Calculator'!C7*'Velocity Calculator'!D7*'Velocity Calculator'!E7/('Velocity Calculator'!F7*(1-Assumptions!$C$13)) -> 19816.296 | F14: =E14-D14 -> 1981.6296 | G14: =F14/D14 -> 0.11111111 | H14: =IF(F14>=0,"Positive","Negative") -> Positive
B16: SMB / Velocity | C16: + Opportunity Volume | D16: ='Velocity Calculator'!G8 -> 41600 | E16: =('Velocity Calculator'!C8*(1+Assumptions!$C$13))*'Velocity Calculator'!D8*'Velocity Calculator'!E8/'Velocity Calculator'!F8 -> 45760 | F16: =E16-D16 -> 4160 | G16: =F16/D16 -> 0.1 | H16: =IF(F16>=0,"Positive","Negative") -> Positive
C17: + Win Rate | D17: ='Velocity Calculator'!G8 -> 41600 | E17: ='Velocity Calculator'!C8*('Velocity Calculator'!D8*(1+Assumptions!$C$13))*'Velocity Calculator'!E8/'Velocity Calculator'!F8 -> 45760 | F17: =E17-D17 -> 4160 | G17: =F17/D17 -> 0.1 | H17: =IF(F17>=0,"Positive","Negative") -> Positive
C18: + Average Deal Value | D18: ='Velocity Calculator'!G8 -> 41600 | E18: ='Velocity Calculator'!C8*'Velocity Calculator'!D8*('Velocity Calculator'!E8*(1+Assumptions!$C$13))/'Velocity Calculator'!F8 -> 45760 | F18: =E18-D18 -> 4160 | G18: =F18/D18 -> 0.1 | H18: =IF(F18>=0,"Positive","Negative") -> Positive
C19: - Sales Cycle Length | D19: ='Velocity Calculator'!G8 -> 41600 | E19: ='Velocity Calculator'!C8*'Velocity Calculator'!D8*'Velocity Calculator'!E8/('Velocity Calculator'!F8*(1-Assumptions!$C$13)) -> 46222.222 | F19: =E19-D19 -> 4622.2222 | G19: =F19/D19 -> 0.11111111 | H19: =IF(F19>=0,"Positive","Negative") -> Positive
B22: Note: because Velocity is linear in Opportunities, Win Rate, and Deal Value, an equal % move in any of those three levers produces an identical % change in Daily Velocity. Sales Cycle Length sits in the denominator, so a given % reduction in cycle length produces a slightly larger % gain in velocity than an equal % increase in the other three levers.

Sheet Quarterly Trend
B2: Quarterly Trend
B3: Historical Daily Velocity ($) by segment, most recent 4 quarters
B5: Segment | C5: Q1 | D5: Q2 | E5: Q3 | F5: Q4
B6: Enterprise / Strategic | C6: 610 | D6: 660 | E6: 700 | F6: 745
B7: Mid-Market / Commercial | C7: 1450 | D7: 1520 | E7: 1580 | F7: 1670
B8: SMB / Velocity | C8: 2900 | D8: 3050 | E8: 3200 | F8: 3330
B9: Total | C9: =SUM(C6:C8) -> 4960 | D9: =SUM(D6:D8) -> 5230 | E9: =SUM(E6:E8) -> 5480 | F9: =SUM(F6:F8) -> 5745
B11: Note: figures are Daily Velocity ($) snapshots taken at each quarter's close. Populate with trailing actuals each quarter to build a real trend line over time.

Sheet Summary Dashboard
B2: Sales Velocity — Summary
B3: Period: | C3: =Assumptions!C4 -> FY27
B5: Total Daily Velocity ($) | C5: ='Velocity Calculator'!G9 -> 65818.667
B6: Total Monthly Velocity ($) | C6: ='Velocity Calculator'!H9 -> 1974560
B7: Total Quarterly Velocity ($) | C7: ='Velocity Calculator'!I9 -> 5923680
B8: Total Annual Velocity ($) | C8: ='Velocity Calculator'!J9 -> 24023813
B11: Segment | C11: Daily Velocity ($) | D11: Monthly Velocity ($) | E11: Annual Velocity ($)
B12: Enterprise / Strategic | C12: ='Velocity Calculator'!G6 -> 6384 | D12: ='Velocity Calculator'!H6 -> 191520 | E12: ='Velocity Calculator'!J6 -> 2330160
B13: Mid-Market / Commercial | C13: ='Velocity Calculator'!G7 -> 17834.667 | D13: ='Velocity Calculator'!H7 -> 535040 | E13: ='Velocity Calculator'!J7 -> 6509653.3
B14: SMB / Velocity | C14: ='Velocity Calculator'!G8 -> 41600 | D14: ='Velocity Calculator'!H8 -> 1248000 | E14: ='Velocity Calculator'!J8 -> 15184000
